Suite/Test/Step Name,Browser,Description,Tag,Start time,End time,Duration,Status
Amazon_TestSuite_ValidateSearchFieldItem_002,Chrome 121.0.6167.141,,,2024-02-07 23:57:26,2024-02-07 23:58:04,38.151s,PASSED
,,,,,,,
Test Cases/TC_Amazon_ValidateSearchFieldItem_002,Chrome 121.0.6167.141,,,2024-02-07 23:57:26,2024-02-07 23:58:04,37.936s,PASSED
"openBrowser("""")",Chrome 121.0.6167.141,,,2024-02-07 23:57:26,2024-02-07 23:57:28,2.122s,PASSED
"navigateToUrl(""https://www.amazon.com/"")",Chrome 121.0.6167.141,,,2024-02-07 23:57:28,2024-02-07 23:57:37,8.718s,PASSED
"selectOptionByLabel(findTestObject(""AmazonPages/Amazon_ValidateSearchFieldItem_OR/select_All Departments""), Books, false)",Chrome 121.0.6167.141,,,2024-02-07 23:57:37,2024-02-07 23:57:38,0.316s,PASSED
"click(findTestObject(""AmazonPages/Amazon_ValidateSearchFieldItem_OR/input_Search Amazon_field-keywords""))",Chrome 121.0.6167.141,,,2024-02-07 23:57:38,2024-02-07 23:57:38,0.163s,PASSED
"setText(findTestObject(""AmazonPages/Amazon_ValidateSearchFieldItem_OR/input_Search Amazon_field-keywords""), ""Da vin ci code"")",Chrome 121.0.6167.141,,,2024-02-07 23:57:38,2024-02-07 23:57:38,0.208s,PASSED
"click(findTestObject(""AmazonPages/Amazon_ValidateSearchFieldItem_OR/input_Search Amazon_nav-search-submit-button""))",Chrome 121.0.6167.141,,,2024-02-07 23:57:38,2024-02-07 23:57:41,3.147s,PASSED
"selectOptionByLabel(findTestObject(""AmazonPages/Amazon_ValidateSearchFieldItem_OR/select_All Departments""), Electronics, false)",Chrome 121.0.6167.141,,,2024-02-07 23:57:41,2024-02-07 23:57:41,0.146s,PASSED
"click(findTestObject(""AmazonPages/Amazon_ValidateSearchFieldItem_OR/input_Search Amazon_field-keywords""), STOP_ON_FAILURE)",Chrome 121.0.6167.141,,,2024-02-07 23:57:41,2024-02-07 23:57:41,0.147s,PASSED
"setText(findTestObject(""AmazonPages/Amazon_ValidateSearchFieldItem_OR/input_Search Amazon_field-keywords""), ""Mobile Phones"")",Chrome 121.0.6167.141,,,2024-02-07 23:57:41,2024-02-07 23:57:42,0.205s,PASSED
"click(findTestObject(""AmazonPages/Amazon_ValidateSearchFieldItem_OR/input_Search Amazon_nav-search-submit-button""))",Chrome 121.0.6167.141,,,2024-02-07 23:57:42,2024-02-07 23:57:45,3.790s,PASSED
"selectOptionByLabel(findTestObject(""AmazonPages/Amazon_ValidateSearchFieldItem_OR/select_All Departments""), All_departments, false)",Chrome 121.0.6167.141,,,2024-02-07 23:57:45,2024-02-07 23:57:45,0.177s,PASSED
"click(findTestObject(""AmazonPages/Amazon_ValidateSearchFieldItem_OR/input_Search Amazon_field-keywords""), STOP_ON_FAILURE)",Chrome 121.0.6167.141,,,2024-02-07 23:57:45,2024-02-07 23:57:46,0.150s,PASSED
"setText(findTestObject(""AmazonPages/Amazon_ValidateSearchFieldItem_OR/input_Search Amazon_field-keywords""), ""Washing Machines"")",Chrome 121.0.6167.141,,,2024-02-07 23:57:46,2024-02-07 23:57:46,0.245s,PASSED
"click(findTestObject(""AmazonPages/Amazon_ValidateSearchFieldItem_OR/input_Search Amazon_nav-search-submit-button""))",Chrome 121.0.6167.141,,,2024-02-07 23:57:46,2024-02-07 23:57:59,13.271s,PASSED
"selectOptionByLabel(findTestObject(""AmazonPages/Amazon_ValidateSearchFieldItem_OR/select_All Departments""), Furniture, false)",Chrome 121.0.6167.141,,,2024-02-07 23:57:59,2024-02-07 23:57:59,0.164s,PASSED
"click(findTestObject(""AmazonPages/Amazon_ValidateSearchFieldItem_OR/input_Search Amazon_field-keywords""), STOP_ON_FAILURE)",Chrome 121.0.6167.141,,,2024-02-07 23:57:59,2024-02-07 23:57:59,0.161s,PASSED
"setText(findTestObject(""AmazonPages/Amazon_ValidateSearchFieldItem_OR/input_Search Amazon_field-keywords""), ""Wooden Tables"")",Chrome 121.0.6167.141,,,2024-02-07 23:57:59,2024-02-07 23:58:00,0.203s,PASSED
"click(findTestObject(""AmazonPages/Amazon_ValidateSearchFieldItem_OR/input_Search Amazon_nav-search-submit-button""))",Chrome 121.0.6167.141,,,2024-02-07 23:58:00,2024-02-07 23:58:03,2.822s,PASSED
closeBrowser(),Chrome 121.0.6167.141,,,2024-02-07 23:58:03,2024-02-07 23:58:04,1.249s,PASSED
